/home/dz2v07/cicada-largefiles/bl-files/all-16bit/w1cdr0000972 bd10.wav,allonemobiusallardi
/home/dz2v07/cicada-largefiles/bl-files/all-16bit/w1cdr0000972 bd11.wav,allonemobiusallardi
/home/dz2v07/cicada-largefiles/bl-files/all-16bit/w1cdr0000972 bd12.wav,allonemobiusallardi
/home/dz2v07/cicada-largefiles/bl-files/all-16bit/w1cdr0000972 bd13.wav,allonemobiusallardi
/home/dz2v07/cicada-largefiles/bl-files/all-16bit/w1cdr0000972 bd14.wav,allonemobiusallardi
/home/dz2v07/cicada-largefiles/bl-files/all-16bit/w1cdr0000972 bd15.wav,allonemobiusallardi
/home/dz2v07/cicada-largefiles/bl-files/all-16bit/w1cdr0000972 bd9.wav,allonemobiusallardi
/home/dz2v07/cicada-largefiles/bl-files/all-16bit/w1cdr0001165 bd15.wav,allonemobiusallardi
/home/dz2v07/cicada-largefiles/bl-files/all-16bit/w1cdr0000972 bd6.wav,allonemobiusfasciatus
/home/dz2v07/cicada-largefiles/bl-files/all-16bit/w1cdr0000972 bd7.wav,allonemobiusfasciatus
/home/dz2v07/cicada-largefiles/bl-files/all-16bit/w1cdr0000972 bd8.wav,allonemobiusfasciatus
/home/dz2v07/cicada-largefiles/bl-files/all-16bit/w1cdr0000967 bd10.wav,amblycoryphaoblongifolia
/home/dz2v07/cicada-largefiles/bl-files/all-16bit/w1cdr0000967 bd11.wav,amblycoryphaoblongifolia
/home/dz2v07/cicada-largefiles/bl-files/all-16bit/w1cdr0000967 bd9.wav,amblycoryphaoblongifolia
/home/dz2v07/cicada-largefiles/bl-files/all-16bit/w1cdr0000968 bd1.wav,amblycoryphaoblongifolia
/home/dz2v07/cicada-largefiles/bl-files/all-16bit/w1cdr0001165 bd13.wav,anaxiphaexigua
/home/dz2v07/cicada-largefiles/bl-files/all-16bit/w1cdr0001165 bd14.wav,anaxiphaexigua
/home/dz2v07/cicada-largefiles/bl-files/all-16bit/w1cdr0000970 bd8.wav,atlanticusmonticola
/home/dz2v07/cicada-largefiles/bl-files/all-16bit/022a-wa08010x0026-0002m0.wav,bombinabombina
/home/dz2v07/cicada-largefiles/bl-files/all-16bit/022a-wa08010x0026-0003m0.wav,bombinabombina
/home/dz2v07/cicada-largefiles/bl-files/all-16bit/022a-wa08010x0026-0004m0.wav,bombinabombina
/home/dz2v07/cicada-largefiles/bl-files/all-16bit/022a-wa08010x0026-0005m0.wav,bombinabombina
/home/dz2v07/cicada-largefiles/bl-files/all-16bit/022a-wa08010x0026-0006m0.wav,bombinabombina
/home/dz2v07/cicada-largefiles/bl-files/all-16bit/022a-wa08010x0026-0007m0.wav,bombinabombina
/home/dz2v07/cicada-largefiles/bl-files/all-16bit/022a-wa08010x0026-0008m0.wav,bombinabombina
/home/dz2v07/cicada-largefiles/bl-files/all-16bit/022a-wa08010x0026-0009m0.wav,bombinabombina
/home/dz2v07/cicada-largefiles/bl-files/all-16bit/022a-wa08010x0026-0010m0.wav,bombinabombina
/home/dz2v07/cicada-largefiles/bl-files/all-16bit/022a-wa08010x0026-0011m0.wav,bombinabombina
/home/dz2v07/cicada-largefiles/bl-files/all-16bit/022a-wa08010x0026-0012m0.wav,bombinabombina
/home/dz2v07/cicada-largefiles/bl-files/all-16bit/022a-wa08010x0026-0013m0.wav,bombinabombina
/home/dz2v07/cicada-largefiles/bl-files/all-16bit/022a-wa08010x0026-0014m0.wav,bombinabombina
/home/dz2v07/cicada-largefiles/bl-files/all-16bit/022a-wa08010x0026-0015m0.wav,bombinabombina
/home/dz2v07/cicada-largefiles/bl-files/all-16bit/022a-wa08010x0026-0016m0.wav,bombinabombina
/home/dz2v07/cicada-largefiles/bl-files/all-16bit/022a-wa08010x0026-0017m0.wav,bombinabombina
/home/dz2v07/cicada-largefiles/bl-files/all-16bit/022a-wa10002xxxxx-0003m0.wav,chorthippusbornholmi
/home/dz2v07/cicada-largefiles/bl-files/all-16bit/022a-wa14005xxxxx-0024m0.wav,chorthippusbrunneus
/home/dz2v07/cicada-largefiles/bl-files/all-16bit/w1cdr0000636 bd21.wav,chorthippusbrunneus
/home/dz2v07/cicada-largefiles/bl-files/all-16bit/w1cdr0001165 bd16.wav,chorthippuscurtipennis
/home/dz2v07/cicada-largefiles/bl-files/all-16bit/w1cdr0001165 bd17.wav,chorthippuscurtipennis
/home/dz2v07/cicada-largefiles/bl-files/all-16bit/022a-wa13012xxxxx-0258m0.wav,chorthippusparallelus
/home/dz2v07/cicada-largefiles/bl-files/all-16bit/022a-wa13012xxxxx-0259m0.wav,chorthippusparallelus
/home/dz2v07/cicada-largefiles/bl-files/all-16bit/022a-wa13012xxxxx-0266m0.wav,chorthippusparallelus
/home/dz2v07/cicada-largefiles/bl-files/all-16bit/022a-wa13012xxxxx-0268m0.wav,chorthippusparallelus
/home/dz2v07/cicada-largefiles/bl-files/all-16bit/022a-wa13012xxxxx-0269m0.wav,chorthippusparallelus
/home/dz2v07/cicada-largefiles/bl-files/all-16bit/022a-wa13012xxxxx-0271m0.wav,chorthippusparallelus
/home/dz2v07/cicada-largefiles/bl-files/all-16bit/w1cdr0000671 bd15.wav,conocephalusdiscolor
/home/dz2v07/cicada-largefiles/bl-files/all-16bit/022a-wa07002x0001-0012m0.wav,decticusalbifrons
/home/dz2v07/cicada-largefiles/bl-files/all-16bit/022a-wa07002x0001-0015m0.wav,decticusalbifrons
/home/dz2v07/cicada-largefiles/bl-files/all-16bit/w1cdr0001806 bd4.wav,decticusverrucivorus
/home/dz2v07/cicada-largefiles/bl-files/all-16bit/w1cdr0001806 bd5.wav,decticusverrucivorus
/home/dz2v07/cicada-largefiles/bl-files/all-16bit/w1cdr0001806 bd6.wav,decticusverrucivorus
/home/dz2v07/cicada-largefiles/bl-files/all-16bit/022a-wa09025xxxxx-0107m0.wav,erithacusmegarhynchos
/home/dz2v07/cicada-largefiles/bl-files/all-16bit/022a-wa11001xxxxx-0056m0.wav,erithacussvecicus
/home/dz2v07/cicada-largefiles/bl-files/all-16bit/022a-wa07002x0001-0016m0.wav,eugryllodespipiens
/home/dz2v07/cicada-largefiles/bl-files/all-16bit/w1cdr0000972 bd16.wav,eunemobiuscarolinus
/home/dz2v07/cicada-largefiles/bl-files/all-16bit/w1cdr0000972 bd2.wav,eunemobiuscarolinus
/home/dz2v07/cicada-largefiles/bl-files/all-16bit/w1cdr0000972 bd3.wav,eunemobiuscarolinus
/home/dz2v07/cicada-largefiles/bl-files/all-16bit/w1cdr0000972 bd4.wav,eunemobiuscarolinus
/home/dz2v07/cicada-largefiles/bl-files/all-16bit/w1cdr0000972 bd5.wav,eunemobiuscarolinus
/home/dz2v07/cicada-largefiles/bl-files/all-16bit/w1cdr0002075 bd19.wav,eunemobiuscarolinus
/home/dz2v07/cicada-largefiles/bl-files/all-16bit/w1cdr0002075 bd20.wav,eunemobiuscarolinus
/home/dz2v07/cicada-largefiles/bl-files/all-16bit/w1cdr0002075 bd21.wav,eunemobiuscarolinus
/home/dz2v07/cicada-largefiles/bl-files/all-16bit/w1cdr0002075 bd22.wav,eunemobiuscarolinus
/home/dz2v07/cicada-largefiles/bl-files/all-16bit/w1cdr0000634 bd5.wav,euplectrotettixspnov
/home/dz2v07/cicada-largefiles/bl-files/all-16bit/w1cdr0000634 bd6.wav,euplectrotettixspnov
/home/dz2v07/cicada-largefiles/bl-files/all-16bit/w1cdr0000634 bd7.wav,euplectrotettixspnov
/home/dz2v07/cicada-largefiles/bl-files/all-16bit/w1cdr0000634 bd8.wav,euplectrotettixspnov
/home/dz2v07/cicada-largefiles/bl-files/all-16bit/022a-wa06037x0064-0016m0.wav,froggattinaaustralis
/home/dz2v07/cicada-largefiles/bl-files/all-16bit/022a-wa06037x0064-0017m0.wav,froggattinaaustralis
/home/dz2v07/cicada-largefiles/bl-files/all-16bit/022a-wa06037x0064-0018m0.wav,froggattinaaustralis
/home/dz2v07/cicada-largefiles/bl-files/all-16bit/022a-wa06037x0064-0019m0.wav,froggattinaaustralis
/home/dz2v07/cicada-largefiles/bl-files/all-16bit/022a-wa06037x0064-0027m0.wav,froggattinaaustralis
/home/dz2v07/cicada-largefiles/bl-files/all-16bit/022a-wa08010x0020-0038m0.wav,gryllotalpagryllotalpa
/home/dz2v07/cicada-largefiles/bl-files/all-16bit/022a-wa08010x0020-0039m0.wav,gryllotalpagryllotalpa
/home/dz2v07/cicada-largefiles/bl-files/all-16bit/022a-wa10003xxxxx-0023m0.wav,gryllotalpagryllotalpa
/home/dz2v07/cicada-largefiles/bl-files/all-16bit/022a-wa10003xxxxx-0024m0.wav,gryllotalpagryllotalpa
/home/dz2v07/cicada-largefiles/bl-files/all-16bit/022a-wa10003xxxxx-0027m0.wav,gryllotalpagryllotalpa
/home/dz2v07/cicada-largefiles/bl-files/all-16bit/022a-wa10003xxxxx-0028m0.wav,gryllotalpagryllotalpa
/home/dz2v07/cicada-largefiles/bl-files/all-16bit/022a-wa10003xxxxx-0083m0.wav,gryllotalpagryllotalpa
/home/dz2v07/cicada-largefiles/bl-files/all-16bit/022a-wa10003xxxxx-0084m0.wav,gryllotalpagryllotalpa
/home/dz2v07/cicada-largefiles/bl-files/all-16bit/022a-wa10003xxxxx-0085m0.wav,gryllotalpagryllotalpa
/home/dz2v07/cicada-largefiles/bl-files/all-16bit/022a-wa10003xxxxx-0086m0.wav,gryllotalpagryllotalpa
/home/dz2v07/cicada-largefiles/bl-files/all-16bit/022a-wa10012xxxxx-0055m0.wav,gryllotalpagryllotalpa
/home/dz2v07/cicada-largefiles/bl-files/all-16bit/022a-wa10012xxxxx-0056m0.wav,gryllotalpagryllotalpa
/home/dz2v07/cicada-largefiles/bl-files/all-16bit/022a-wa10012xxxxx-0514m0.wav,gryllotalpagryllotalpa
/home/dz2v07/cicada-largefiles/bl-files/all-16bit/022a-wa10012xxxxx-0603m0.wav,gryllotalpagryllotalpa
/home/dz2v07/cicada-largefiles/bl-files/all-16bit/022a-wa10012xxxxx-0604m0.wav,gryllotalpagryllotalpa
/home/dz2v07/cicada-largefiles/bl-files/all-16bit/022a-wa12007x0001-0012m0.wav,gryllotalpagryllotalpa
/home/dz2v07/cicada-largefiles/bl-files/all-16bit/022a-wa12007x0001-0013m0.wav,gryllotalpagryllotalpa
/home/dz2v07/cicada-largefiles/bl-files/all-16bit/022a-wa12007x0001-0014m0.wav,gryllotalpagryllotalpa
/home/dz2v07/cicada-largefiles/bl-files/all-16bit/022a-wa12007x0001-0015m0.wav,gryllotalpagryllotalpa
/home/dz2v07/cicada-largefiles/bl-files/all-16bit/022a-wa12007x0001-0016m0.wav,gryllotalpagryllotalpa
/home/dz2v07/cicada-largefiles/bl-files/all-16bit/022a-wa12007x0001-0017m0.wav,gryllotalpagryllotalpa
/home/dz2v07/cicada-largefiles/bl-files/all-16bit/022a-wa12007x0001-0018m0.wav,gryllotalpagryllotalpa
/home/dz2v07/cicada-largefiles/bl-files/all-16bit/022a-wa06037x0063-0012m0.wav,gryllotalpagryllotalpa
/home/dz2v07/cicada-largefiles/bl-files/all-16bit/022a-wa06037x0063-0013m0.wav,gryllotalpagryllotalpa
/home/dz2v07/cicada-largefiles/bl-files/all-16bit/022a-wa06037x0063-0014m0.wav,gryllotalpagryllotalpa
/home/dz2v07/cicada-largefiles/bl-files/all-16bit/022a-wa06037x0063-0015m0.wav,gryllotalpagryllotalpa
/home/dz2v07/cicada-largefiles/bl-files/all-16bit/022a-wa06037x0063-0016m0.wav,gryllotalpagryllotalpa
/home/dz2v07/cicada-largefiles/bl-files/all-16bit/022a-wa08013xxxxx-0905m0.wav,gryllotalpagryllotalpa
/home/dz2v07/cicada-largefiles/bl-files/all-16bit/022a-wa08013xxxxx-1845m0.wav,gryllotalpagryllotalpa
/home/dz2v07/cicada-largefiles/bl-files/all-16bit/w1cdr0001709 bd22.wav,gryllotalpagryllotalpa
/home/dz2v07/cicada-largefiles/bl-files/all-16bit/022a-wa05040xxxxx-0102m0.wav,grylluscampestris
/home/dz2v07/cicada-largefiles/bl-files/all-16bit/022a-wa05040xxxxx-0103m0.wav,grylluscampestris
/home/dz2v07/cicada-largefiles/bl-files/all-16bit/022a-wa05040xxxxx-0114m0.wav,grylluscampestris
/home/dz2v07/cicada-largefiles/bl-files/all-16bit/022a-wa08010x0006-0034m0.wav,grylluscampestris
/home/dz2v07/cicada-largefiles/bl-files/all-16bit/022a-wa08010x0006-0035m0.wav,grylluscampestris
/home/dz2v07/cicada-largefiles/bl-files/all-16bit/022a-wa08010x0009-0010m0.wav,grylluscampestris
/home/dz2v07/cicada-largefiles/bl-files/all-16bit/022a-wa08010x0020-0035m0.wav,grylluscampestris
/home/dz2v07/cicada-largefiles/bl-files/all-16bit/022a-wa08010x0020-0036m0.wav,grylluscampestris
/home/dz2v07/cicada-largefiles/bl-files/all-16bit/022a-wa08010x0020-0037m0.wav,grylluscampestris
/home/dz2v07/cicada-largefiles/bl-files/all-16bit/022a-wa09003xxxxx-0224m0.wav,grylluscampestris
/home/dz2v07/cicada-largefiles/bl-files/all-16bit/022a-wa09003xxxxx-0225m0.wav,grylluscampestris
/home/dz2v07/cicada-largefiles/bl-files/all-16bit/022a-wa09003xxxxx-0226m0.wav,grylluscampestris
/home/dz2v07/cicada-largefiles/bl-files/all-16bit/022a-wa09003xxxxx-0671m0.wav,grylluscampestris
/home/dz2v07/cicada-largefiles/bl-files/all-16bit/022a-wa09025xxxxx-0190m0.wav,grylluscampestris
/home/dz2v07/cicada-largefiles/bl-files/all-16bit/022a-wa09025xxxxx-0206m0.wav,grylluscampestris
/home/dz2v07/cicada-largefiles/bl-files/all-16bit/022a-wa09025xxxxx-0207m0.wav,grylluscampestris
/home/dz2v07/cicada-largefiles/bl-files/all-16bit/022a-wa09025xxxxx-0208m0.wav,grylluscampestris
/home/dz2v07/cicada-largefiles/bl-files/all-16bit/022a-wa10003xxxxx-0029m0.wav,grylluscampestris
/home/dz2v07/cicada-largefiles/bl-files/all-16bit/022a-wa10003xxxxx-0156m0.wav,grylluscampestris
/home/dz2v07/cicada-largefiles/bl-files/all-16bit/022a-wa10012xxxxx-0054m0.wav,grylluscampestris
/home/dz2v07/cicada-largefiles/bl-files/all-16bit/022a-wa10012xxxxx-0582m0.wav,grylluscampestris
/home/dz2v07/cicada-largefiles/bl-files/all-16bit/022a-wa10012xxxxx-0599m0.wav,grylluscampestris
/home/dz2v07/cicada-largefiles/bl-files/all-16bit/022a-wa10012xxxxx-0600m0.wav,grylluscampestris
/home/dz2v07/cicada-largefiles/bl-files/all-16bit/022a-wa11001xxxxx-0062m0.wav,grylluscampestris
/home/dz2v07/cicada-largefiles/bl-files/all-16bit/022a-wa11001xxxxx-0083m0.wav,grylluscampestris
/home/dz2v07/cicada-largefiles/bl-files/all-16bit/022a-wa11001xxxxx-0084m0.wav,grylluscampestris
/home/dz2v07/cicada-largefiles/bl-files/all-16bit/w1cdr0000996 bd26.wav,grylluscampestris
/home/dz2v07/cicada-largefiles/bl-files/all-16bit/w1cdr0000996 bd27.wav,grylluscampestris
/home/dz2v07/cicada-largefiles/bl-files/all-16bit/w1cdr0000996 bd28.wav,grylluscampestris
/home/dz2v07/cicada-largefiles/bl-files/all-16bit/w1cdr0001008 bd42.wav,grylluscampestris
/home/dz2v07/cicada-largefiles/bl-files/all-16bit/w1cdr0001017 bd4.wav,grylluscampestris
/home/dz2v07/cicada-largefiles/bl-files/all-16bit/w1cdr0001206 bd18.wav,grylluscampestris
/home/dz2v07/cicada-largefiles/bl-files/all-16bit/w1cdr0001206 bd7.wav,grylluscampestris
/home/dz2v07/cicada-largefiles/bl-files/all-16bit/w1cdr0001207 bd2.wav,grylluscampestris
/home/dz2v07/cicada-largefiles/bl-files/all-16bit/w1cdr0001208 bd16.wav,grylluscampestris
/home/dz2v07/cicada-largefiles/bl-files/all-16bit/w1cdr0001808 bd17.wav,grylluscampestris
/home/dz2v07/cicada-largefiles/bl-files/all-16bit/w1cdr0001808 bd18.wav,grylluscampestris
/home/dz2v07/cicada-largefiles/bl-files/all-16bit/w1cdr0001808 bd19.wav,grylluscampestris
/home/dz2v07/cicada-largefiles/bl-files/all-16bit/w1cdr0001897 bd16.wav,grylluscampestris
/home/dz2v07/cicada-largefiles/bl-files/all-16bit/w1cdr0001900 bd7.wav,grylluscampestris
/home/dz2v07/cicada-largefiles/bl-files/all-16bit/w1cdr0002007 bd2.wav,grylluscampestris
/home/dz2v07/cicada-largefiles/bl-files/all-16bit/w1cdr0002025 bd14.wav,grylluscampestris
/home/dz2v07/cicada-largefiles/bl-files/all-16bit/w1cdr0002054 bd32.wav,grylluscampestris
/home/dz2v07/cicada-largefiles/bl-files/all-16bit/w1cdr0001165 bd10.wav,grylluspennsylvanicus
/home/dz2v07/cicada-largefiles/bl-files/all-16bit/w1cdr0001165 bd11.wav,grylluspennsylvanicus
/home/dz2v07/cicada-largefiles/bl-files/all-16bit/w1cdr0001165 bd12.wav,grylluspennsylvanicus
/home/dz2v07/cicada-largefiles/bl-files/all-16bit/w1cdr0001165 bd7.wav,grylluspennsylvanicus
/home/dz2v07/cicada-largefiles/bl-files/all-16bit/w1cdr0001165 bd8.wav,grylluspennsylvanicus
/home/dz2v07/cicada-largefiles/bl-files/all-16bit/w1cdr0001165 bd9.wav,grylluspennsylvanicus
/home/dz2v07/cicada-largefiles/bl-files/all-16bit/022a-wa06037x0063-0025m0.wav,grylluscampestris
/home/dz2v07/cicada-largefiles/bl-files/all-16bit/w1cdr0001165 bd1.wav,gryllusveletis
/home/dz2v07/cicada-largefiles/bl-files/all-16bit/w1cdr0001165 bd2.wav,gryllusveletis
/home/dz2v07/cicada-largefiles/bl-files/all-16bit/w1cdr0001165 bd3.wav,gryllusveletis
/home/dz2v07/cicada-largefiles/bl-files/all-16bit/w1cdr0001165 bd4.wav,gryllusveletis
/home/dz2v07/cicada-largefiles/bl-files/all-16bit/w1cdr0001165 bd6.wav,gryllusveletis
/home/dz2v07/cicada-largefiles/bl-files/all-16bit/022a-wa10003xxxxx-0306m0.wav,lullulaarborea
/home/dz2v07/cicada-largefiles/bl-files/all-16bit/022a-wa10003xxxxx-0307m0.wav,lullulaarborea
/home/dz2v07/cicada-largefiles/bl-files/all-16bit/022a-wa10003xxxxx-0308m0.wav,lullulaarborea
/home/dz2v07/cicada-largefiles/bl-files/all-16bit/w1cdr0000636 bd24.wav,metriopterabrachyptera
/home/dz2v07/cicada-largefiles/bl-files/all-16bit/w1cdr0000970 bd9.wav,metriopteraroeseli
/home/dz2v07/cicada-largefiles/bl-files/all-16bit/w1cdr0002074 bd10.wav,metriopteraroeseli
/home/dz2v07/cicada-largefiles/bl-files/all-16bit/022a-wa13012xxxxx-0262m0.wav,myrmeleotettixmaculatus
/home/dz2v07/cicada-largefiles/bl-files/all-16bit/022a-wa13012xxxxx-0264m0.wav,myrmeleotettixmaculatus
/home/dz2v07/cicada-largefiles/bl-files/all-16bit/w1cdr0000636 bd23.wav,myrmeleotettixmaculatus
/home/dz2v07/cicada-largefiles/bl-files/all-16bit/w1cdr0000636 bd25.wav,myrmeleotettixmaculatus
/home/dz2v07/cicada-largefiles/bl-files/all-16bit/w1cdr0001017 bd10.wav,nemobiussylvestris
/home/dz2v07/cicada-largefiles/bl-files/all-16bit/w1cdr0001017 bd9.wav,nemobiussylvestris
/home/dz2v07/cicada-largefiles/bl-files/all-16bit/w1cdr0000968 bd13.wav,neoconocephalusensiger
/home/dz2v07/cicada-largefiles/bl-files/all-16bit/w1cdr0000968 bd14.wav,neoconocephalusensiger
/home/dz2v07/cicada-largefiles/bl-files/all-16bit/w1cdr0000968 bd15.wav,neoconocephalusensiger
/home/dz2v07/cicada-largefiles/bl-files/all-16bit/w1cdr0000968 bd16.wav,neoconocephalusensiger
/home/dz2v07/cicada-largefiles/bl-files/all-16bit/w1cdr0000968 bd17.wav,neoconocephalusensiger
/home/dz2v07/cicada-largefiles/bl-files/all-16bit/w1cdr0000968 bd18.wav,neoconocephalusensiger
/home/dz2v07/cicada-largefiles/bl-files/all-16bit/w1cdr0000968 bd19.wav,neoconocephalusensiger
/home/dz2v07/cicada-largefiles/bl-files/all-16bit/w1cdr0000968 bd20.wav,neoconocephalusensiger
/home/dz2v07/cicada-largefiles/bl-files/all-16bit/w1cdr0000969 bd1.wav,neoconocephalusensiger
/home/dz2v07/cicada-largefiles/bl-files/all-16bit/w1cdr0000969 bd10.wav,neoconocephalusensiger
/home/dz2v07/cicada-largefiles/bl-files/all-16bit/w1cdr0000969 bd12.wav,neoconocephalusensiger
/home/dz2v07/cicada-largefiles/bl-files/all-16bit/w1cdr0000969 bd13.wav,neoconocephalusensiger
/home/dz2v07/cicada-largefiles/bl-files/all-16bit/w1cdr0000969 bd2.wav,neoconocephalusensiger
/home/dz2v07/cicada-largefiles/bl-files/all-16bit/w1cdr0000969 bd3.wav,neoconocephalusensiger
/home/dz2v07/cicada-largefiles/bl-files/all-16bit/w1cdr0000969 bd5.wav,neoconocephalusensiger
/home/dz2v07/cicada-largefiles/bl-files/all-16bit/w1cdr0000969 bd6.wav,neoconocephalusensiger
/home/dz2v07/cicada-largefiles/bl-files/all-16bit/w1cdr0000969 bd7.wav,neoconocephalusensiger
/home/dz2v07/cicada-largefiles/bl-files/all-16bit/w1cdr0000969 bd8.wav,neoconocephalusensiger
/home/dz2v07/cicada-largefiles/bl-files/all-16bit/w1cdr0000969 bd9.wav,neoconocephalusensiger
/home/dz2v07/cicada-largefiles/bl-files/all-16bit/w1cdr0001590 bd21.wav,neoconocephalusensiger
/home/dz2v07/cicada-largefiles/bl-files/all-16bit/w1cdr0001590 bd22.wav,neoconocephalusensiger
/home/dz2v07/cicada-largefiles/bl-files/all-16bit/w1cdr0002074 bd1.wav,neoconocephalusensiger
/home/dz2v07/cicada-largefiles/bl-files/all-16bit/w1cdr0002074 bd2.wav,neoconocephalusensiger
/home/dz2v07/cicada-largefiles/bl-files/all-16bit/w1cdr0002074 bd3.wav,neoconocephalusensiger
/home/dz2v07/cicada-largefiles/bl-files/all-16bit/w1cdr0002074 bd4.wav,neoconocephalusensiger
/home/dz2v07/cicada-largefiles/bl-files/all-16bit/w1cdr0002074 bd5.wav,neoconocephalusensiger
/home/dz2v07/cicada-largefiles/bl-files/all-16bit/w1cdr0000968 bd12.wav,neoconocephaluslyristes
/home/dz2v07/cicada-largefiles/bl-files/all-16bit/w1cdr0000970 bd10.wav,oecanthusfultoni
/home/dz2v07/cicada-largefiles/bl-files/all-16bit/w1cdr0000970 bd11.wav,oecanthusfultoni
/home/dz2v07/cicada-largefiles/bl-files/all-16bit/w1cdr0000971 bd2.wav,oecanthusfultoni
/home/dz2v07/cicada-largefiles/bl-files/all-16bit/w1cdr0000971 bd3.wav,oecanthusfultoni
/home/dz2v07/cicada-largefiles/bl-files/all-16bit/w1cdr0002074 bd11.wav,oecanthusfultoni
/home/dz2v07/cicada-largefiles/bl-files/all-16bit/w1cdr0002074 bd12.wav,oecanthusfultoni
/home/dz2v07/cicada-largefiles/bl-files/all-16bit/w1cdr0002074 bd13.wav,oecanthusfultoni
/home/dz2v07/cicada-largefiles/bl-files/all-16bit/w1cdr0002074 bd14.wav,oecanthusfultoni
/home/dz2v07/cicada-largefiles/bl-files/all-16bit/w1cdr0002074 bd15.wav,oecanthusfultoni
/home/dz2v07/cicada-largefiles/bl-files/all-16bit/w1cdr0002074 bd16.wav,oecanthusfultoni
/home/dz2v07/cicada-largefiles/bl-files/all-16bit/w1cdr0000971 bd11.wav,oecanthusnigricornis
/home/dz2v07/cicada-largefiles/bl-files/all-16bit/w1cdr0000971 bd12.wav,oecanthusnigricornis
/home/dz2v07/cicada-largefiles/bl-files/all-16bit/w1cdr0000971 bd13.wav,oecanthusnigricornis
/home/dz2v07/cicada-largefiles/bl-files/all-16bit/w1cdr0000971 bd14.wav,oecanthusnigricornis
/home/dz2v07/cicada-largefiles/bl-files/all-16bit/w1cdr0000971 bd7.wav,oecanthusnigricornis
/home/dz2v07/cicada-largefiles/bl-files/all-16bit/w1cdr0000971 bd8.wav,oecanthusnigricornis
/home/dz2v07/cicada-largefiles/bl-files/all-16bit/w1cdr0000971 bd9.wav,oecanthusnigricornis
/home/dz2v07/cicada-largefiles/bl-files/all-16bit/w1cdr0002075 bd10.wav,oecanthusnigricornis
/home/dz2v07/cicada-largefiles/bl-files/all-16bit/w1cdr0002075 bd11.wav,oecanthusnigricornis
/home/dz2v07/cicada-largefiles/bl-files/all-16bit/w1cdr0002075 bd12.wav,oecanthusnigricornis
/home/dz2v07/cicada-largefiles/bl-files/all-16bit/w1cdr0002075 bd4.wav,oecanthusnigricornis
/home/dz2v07/cicada-largefiles/bl-files/all-16bit/w1cdr0002075 bd5.wav,oecanthusnigricornis
/home/dz2v07/cicada-largefiles/bl-files/all-16bit/w1cdr0002075 bd6.wav,oecanthusnigricornis
/home/dz2v07/cicada-largefiles/bl-files/all-16bit/w1cdr0002075 bd7.wav,oecanthusnigricornis
/home/dz2v07/cicada-largefiles/bl-files/all-16bit/w1cdr0002075 bd9.wav,oecanthusnigricornis
/home/dz2v07/cicada-largefiles/bl-files/all-16bit/w1cdr0000971 bd4.wav,oecanthusniveus
/home/dz2v07/cicada-largefiles/bl-files/all-16bit/w1cdr0000971 bd5.wav,oecanthusniveus
/home/dz2v07/cicada-largefiles/bl-files/all-16bit/w1cdr0000971 bd6.wav,oecanthusniveus
/home/dz2v07/cicada-largefiles/bl-files/all-16bit/w1cdr0002074 bd17.wav,oecanthusniveus
/home/dz2v07/cicada-largefiles/bl-files/all-16bit/w1cdr0002074 bd18.wav,oecanthusniveus
/home/dz2v07/cicada-largefiles/bl-files/all-16bit/w1cdr0002075 bd1.wav,oecanthusniveus
/home/dz2v07/cicada-largefiles/bl-files/all-16bit/w1cdr0002075 bd2.wav,oecanthusniveus
/home/dz2v07/cicada-largefiles/bl-files/all-16bit/w1cdr0002075 bd3.wav,oecanthusniveus
/home/dz2v07/cicada-largefiles/bl-files/all-16bit/w1cdr0001204 bd2.wav,oecanthuspellucens
/home/dz2v07/cicada-largefiles/bl-files/all-16bit/w1cdr0000971 bd15.wav,oecanthusquadripunctatus
/home/dz2v07/cicada-largefiles/bl-files/all-16bit/w1cdr0000971 bd16.wav,oecanthusquadripunctatus
/home/dz2v07/cicada-largefiles/bl-files/all-16bit/w1cdr0000972 bd1.wav,oecanthusquadripunctatus
/home/dz2v07/cicada-largefiles/bl-files/all-16bit/w1cdr0002075 bd13.wav,oecanthusquadripunctatus
/home/dz2v07/cicada-largefiles/bl-files/all-16bit/w1cdr0002075 bd14.wav,oecanthusquadripunctatus
/home/dz2v07/cicada-largefiles/bl-files/all-16bit/w1cdr0002075 bd15.wav,oecanthusquadripunctatus
/home/dz2v07/cicada-largefiles/bl-files/all-16bit/w1cdr0002075 bd16.wav,oecanthusquadripunctatus
/home/dz2v07/cicada-largefiles/bl-files/all-16bit/w1cdr0002075 bd17.wav,oecanthusquadripunctatus
/home/dz2v07/cicada-largefiles/bl-files/all-16bit/w1cdr0002075 bd18.wav,oecanthusquadripunctatus
/home/dz2v07/cicada-largefiles/bl-files/all-16bit/022a-wa13012xxxxx-0260m0.wav,omocestusviridulus
/home/dz2v07/cicada-largefiles/bl-files/all-16bit/w1cdr0000671 bd7.wav,omocestusviridulus
/home/dz2v07/cicada-largefiles/bl-files/all-16bit/w1cdr0000970 bd6.wav,orchelimumcampestre
/home/dz2v07/cicada-largefiles/bl-files/all-16bit/w1cdr0000970 bd7.wav,orchelimumcampestre
/home/dz2v07/cicada-largefiles/bl-files/all-16bit/w1cdr0000969 bd16.wav,orchelimumgladiator
/home/dz2v07/cicada-largefiles/bl-files/all-16bit/w1cdr0000969 bd17.wav,orchelimumgladiator
/home/dz2v07/cicada-largefiles/bl-files/all-16bit/w1cdr0000970 bd1.wav,orchelimumgladiator
/home/dz2v07/cicada-largefiles/bl-files/all-16bit/w1cdr0000970 bd2.wav,orchelimumgladiator
/home/dz2v07/cicada-largefiles/bl-files/all-16bit/w1cdr0002074 bd9.wav,orchelimumgladiator
/home/dz2v07/cicada-largefiles/bl-files/all-16bit/w1cdr0000970 bd5.wav,orchelimumvolentum
/home/dz2v07/cicada-largefiles/bl-files/all-16bit/w1cdr0000969 bd14.wav,orchelimumvulgare
/home/dz2v07/cicada-largefiles/bl-files/all-16bit/w1cdr0000969 bd15.wav,orchelimumvulgare
/home/dz2v07/cicada-largefiles/bl-files/all-16bit/w1cdr0000970 bd3.wav,orchelimumvulgare
/home/dz2v07/cicada-largefiles/bl-files/all-16bit/w1cdr0000970 bd4.wav,orchelimumvulgare
/home/dz2v07/cicada-largefiles/bl-files/all-16bit/w1cdr0002074 bd6.wav,orchelimumvulgare
/home/dz2v07/cicada-largefiles/bl-files/all-16bit/w1cdr0002074 bd7.wav,orchelimumvulgare
/home/dz2v07/cicada-largefiles/bl-files/all-16bit/022a-wa13015xxxxx-0027m0.wav,pholidopteragriseoaptera
/home/dz2v07/cicada-largefiles/bl-files/all-16bit/022a-wa09020xxxxx-0037m0.wav,prosthemaderanovaeseelandiae
/home/dz2v07/cicada-largefiles/bl-files/all-16bit/022a-wa09020xxxxx-0038m0.wav,prosthemaderanovaeseelandiae
/home/dz2v07/cicada-largefiles/bl-files/all-16bit/022a-wa09020xxxxx-0039m0.wav,prosthemaderanovaeseelandiae
/home/dz2v07/cicada-largefiles/bl-files/all-16bit/022a-wa09020xxxxx-0040m0.wav,prosthemaderanovaeseelandiae
/home/dz2v07/cicada-largefiles/bl-files/all-16bit/w1cdr0000968 bd10.wav,pterophyllacamellifolia
/home/dz2v07/cicada-largefiles/bl-files/all-16bit/w1cdr0000968 bd11.wav,pterophyllacamellifolia
/home/dz2v07/cicada-largefiles/bl-files/all-16bit/w1cdr0000968 bd2.wav,pterophyllacamellifolia
/home/dz2v07/cicada-largefiles/bl-files/all-16bit/w1cdr0000968 bd3.wav,pterophyllacamellifolia
/home/dz2v07/cicada-largefiles/bl-files/all-16bit/w1cdr0000968 bd4.wav,pterophyllacamellifolia
/home/dz2v07/cicada-largefiles/bl-files/all-16bit/w1cdr0000968 bd5.wav,pterophyllacamellifolia
/home/dz2v07/cicada-largefiles/bl-files/all-16bit/w1cdr0000968 bd6.wav,pterophyllacamellifolia
/home/dz2v07/cicada-largefiles/bl-files/all-16bit/w1cdr0000968 bd7.wav,pterophyllacamellifolia
/home/dz2v07/cicada-largefiles/bl-files/all-16bit/w1cdr0000968 bd8.wav,pterophyllacamellifolia
/home/dz2v07/cicada-largefiles/bl-files/all-16bit/w1cdr0000968 bd9.wav,pterophyllacamellifolia
/home/dz2v07/cicada-largefiles/bl-files/all-16bit/022a-wa10003xxxxx-0040m0.wav,ranaperezi
/home/dz2v07/cicada-largefiles/bl-files/all-16bit/w1cdr0000966 bd18.wav,scudderiapistillata
/home/dz2v07/cicada-largefiles/bl-files/all-16bit/w1cdr0000966 bd19.wav,scudderiapistillata
/home/dz2v07/cicada-largefiles/bl-files/all-16bit/w1cdr0000967 bd1.wav,scudderiapistillata
/home/dz2v07/cicada-largefiles/bl-files/all-16bit/w1cdr0000967 bd2.wav,scudderiapistillata
/home/dz2v07/cicada-largefiles/bl-files/all-16bit/w1cdr0000967 bd3.wav,scudderiapistillata
/home/dz2v07/cicada-largefiles/bl-files/all-16bit/w1cdr0000967 bd4.wav,scudderiapistillata
/home/dz2v07/cicada-largefiles/bl-files/all-16bit/w1cdr0000967 bd5.wav,scudderiapistillata
/home/dz2v07/cicada-largefiles/bl-files/all-16bit/w1cdr0000967 bd6.wav,scudderiapistillata
/home/dz2v07/cicada-largefiles/bl-files/all-16bit/w1cdr0000967 bd7.wav,scudderiapistillata
/home/dz2v07/cicada-largefiles/bl-files/all-16bit/w1cdr0000967 bd8.wav,scudderiapistillata
/home/dz2v07/cicada-largefiles/bl-files/all-16bit/w1cdr0001590 bd20.wav,scudderiapistillata
/home/dz2v07/cicada-largefiles/bl-files/all-16bit/w1cdr0000966 bd15.wav,scudderiatexensis
/home/dz2v07/cicada-largefiles/bl-files/all-16bit/w1cdr0000966 bd16.wav,scudderiatexensis
/home/dz2v07/cicada-largefiles/bl-files/all-16bit/w1cdr0001808 bd21.wav,strixaluco
/home/dz2v07/cicada-largefiles/bl-files/all-16bit/022a-wa13015xxxxx-0028m0.wav,tettigoniaviridissima
/home/dz2v07/cicada-largefiles/bl-files/all-16bit/w1cdr0000670 bd31.wav,tettigoniaviridissima
/home/dz2v07/cicada-largefiles/bl-files/all-16bit/w1cdr0001008 bd41.wav,tettigoniaviridissima
